"","id","filt_snpDist"
"1","rs3824576","20341692"
"2","rs4977421","20341702"
"3","rs10964538","20342024"
"4","rs10964539","20342029"
"5","rs10811346","20342075"
"6","rs10757132","20342516"
"7","rs10123995","20344884"
"8","rs552028867","20345970"
"9","rs7862166","20346848"
"10","rs1548375","20347768"
"11","rs10964541","20348544"
"12","rs10964542","20348680"
"13","rs7866409","20349689"
"14","rs13287177","20350360"
"15","rs55904973","20350420"
"16","rs3928819","20350421"
"17","rs7870252","20350600"
"18","rs3780826","20350749"
"19","rs3780827","20350976"
"20","rs10964543","20351115"
"21","rs7037813","20352407"
"22","rs7854241","20353682"
"23","rs2301548","20353924"
"24","rs2301549","20353970"
"25","rs2301550","20354133"
"26","rs7858673","20355172"
"27","rs7866741","20357209"
"28","rs7867057","20357216"
"29","rs7867173","20357345"
"30","rs7847028","20360408"
"31","rs3764797","20362525"
"32","rs13286927","20365337"
"33","rs4007655","20365792"
"34","rs3780828","20367176"
"35","rs10964545","20368395"
"36","rs10964547","20370295"
"37","rs1079492","20370876"
"38","rs56348907","20371641"
"39","rs16938039","20372651"
"40","rs59264833","20374442"
"41","rs16938041","20374524"
"42","rs58432882","20374594"
"43","rs112054043","20374669"
"44","rs60068356","20374753"
"45","rs3780829","20375859"
"46","rs16938042","20377177"
"47","rs10453171","20378457"
"48","rs16938044","20380496"
"49","rs73430729","20382442"
"50","rs10811348","20383607"
"51","rs16938046","20384647"
"52","rs734772","20384689"
"53","rs7039016","20385720"
"54","rs7029191","20388446"
"55","rs7029476","20388658"
"56","rs7029618","20388738"
"57","rs7029624","20388811"
"58","rs58235611","20389070"
"59","rs1413554","20389219"
"60","rs73430743","20390235"
"61","rs16938054","20390341"
"62","rs2891147","20391310"
"63","rs73430745","20392911"
"64","rs12683597","20393237"
"65","rs73430747","20397804"
"66","rs3780830","20402478"
"67","rs77733545","20402523"
"68","rs10964552","20403368"
"69","rs1016962","20405763"
"70","rs16938057","20405896"
"71","rs2383138","20407533"
"72","rs1334363","20408458"
"73","rs16938058","20408836"
"74","rs10964555","20409409"
"75","rs372894655","20411595"
"76","rs1761445","20411761"
"77","rs58566757","20412036"
"78","rs16938061","20412089"
"79","rs12003480","20413454"
"80","rs12685530","20415540"
"81","rs12685798","20415784"
"82","rs10811349","20416035"
"83","rs10964558","20418809"
"84","rs12554291","20420743"
"85","rs73430759","20421355"
"86","rs7020770","20421479"
"87","rs10964559","20422527"
"88","rs4246840","20423472"
"89","rs4977425","20423859"
"90","rs12006253","20424268"
"91","rs66699446","20424548"
"92","rs10964560","20425077"
"93","rs7038597","20425436"
"94","rs7041779","20425477"
"95","rs7041793","20425530"
"96","rs67876935","20426308"
"97","rs76327097","20426382"
"98","rs6475430","20427627"
"99","rs7028575","20428107"
"100","rs61527944","20428584"
"101","rs74619721","20428694"
"102","rs60194722","20428780"
"103","rs3897271","20429056"
"104","rs80118985","20430038"
"105","rs113514974","20430666"
"106","rs79543989","20431100"
"107","rs111740159","20435371"
"108","rs78083748","20436176"
"109","rs59795497","20437918"
"110","rs75927086","20439263"
"111","rs79215248","20443263"
"112","rs78397726","20443730"
"113","rs75163384","20447946"
"114","rs78306626","20448455"
"115","rs17177890","20450376"
"116","rs78853417","20451135"
"117","rs80074146","20451683"
"118","rs16938065","20452403"
"119","rs199522645","20452681"
"120","rs10964562","20455508"
"121","rs80281617","20455620"
"122","rs79801133","20456949"
"123","rs12005512","20457494"
"124","rs7036342","20458789"
"125","rs4977256","20460291"
"126","rs3904577","20460722"
"127","rs73648215","20460814"
"128","rs6475431","20461309"
"129","rs6475432","20461441"
"130","rs59023924","20462461"
"131","rs10964566","20462581"
"132","rs10123324","20462752"
"133","rs10120469","20462783"
"134","rs56378603","20462827"
"135","rs7043548","20463683"
"136","rs10757133","20463901"
"137","rs12344417","20465446"
"138","rs12379627","20465911"
"139","rs12379192","20466166"
"140","rs3934325","20467615"
"141","rs17831443","20468437"
"142","rs56244397","20469615"
"143","rs7030726","20469722"
"144","rs7047471","20470066"
"145","rs12350051","20470754"
"146","rs12337265","20471699"
"147","rs3893394","20473778"
"148","rs3893395","20473946"
"149","rs74339334","20474166"
"150","rs3892039","20475065"
"151","rs4500162","20476731"
"152","rs7042746","20477327"
"153","rs10811350","20478045"
"154","rs6475433","20478119"
"155","rs6475434","20478160"
"156","rs1929170","20478680"
"157","rs6475435","20478728"
"158","rs77579398","20479133"
"159","rs78152860","20479134"
"160","rs202030024","20479136"
"161","rs33963179","20479138"
"162","rs6475436","20480257"
"163","rs6475437","20480846"
"164","rs6475438","20480902"
"165","rs6475439","20480939"
"166","rs10811351","20481684"
"167","rs10964571","20481851"
"168","rs6475440","20481922"
"169","rs6475441","20482143"
"170","rs6475442","20482200"
"171","rs6475443","20484221"
"172","rs6475444","20484236"
"173","rs6475445","20484428"
"174","rs10121168","20484509"
"175","rs10964573","20484587"
"176","rs10964574","20485587"
"177","rs10964575","20485762"
"178","rs12683133","20485813"
"179","rs4407991","20486323"
"180","rs12001589","20486411"
"181","rs10964576","20487068"
"182","rs10811352","20487185"
"183","rs7853918","20488140"
"184","rs12156508","20488810"
"185","rs10964577","20489251"
"186","rs4571814","20489340"
"187","rs5021140","20489591"
"188","rs79137816","20489629"
"189","rs6475448","20492343"
"190","rs10811353","20493841"
"191","rs7859543","20493968"
"192","rs1411724","20494065"
"193","rs1411725","20494082"
"194","rs1411726","20494348"
"195","rs1411727","20494470"
"196","rs12376901","20496513"
"197","rs10733368","20496550"
"198","rs10964580","20496983"
"199","rs10964581","20497020"
"200","rs6475449","20497157"
"201","rs7869671","20497942"
"202","rs10811354","20498364"
"203","rs74400412","20499056"
"204","rs10811355","20500887"
"205","rs10811356","20501894"
"206","rs7874909","20502445"
"207","rs10964583","20503556"
"208","rs10964584","20504232"
"209","rs10811357","20504266"
"210","rs10964586","20504534"
"211","rs7026150","20504535"
"212","rs7852651","20506856"
"213","rs12346032","20507112"
"214","rs10964588","20507486"
"215","rs10964589","20507955"
"216","rs10811358","20508377"
"217","rs10811359","20508524"
"218","rs78010955","20508907"
"219","rs10811360","20511663"
"220","rs10046877","20512663"
"221","rs13297360","20512753"
"222","rs7848801","20513697"
"223","rs12682679","20513712"
"224","rs12682705","20514134"
"225","rs6475451","20514245"
"226","rs7868240","20514840"
"227","rs10114034","20515657"
"228","rs10114678","20515838"
"229","rs7854782","20516387"
"230","rs10964593","20516674"
"231","rs59868928","20517016"
"232","rs12005922","20517318"
"233","rs4443745","20518063"
"234","rs72701915","20518200"
"235","rs73432546","20518339"
"236","rs7023694","20518991"
"237","rs10757134","20519606"
"238","rs6475453","20521395"
"239","rs6475454","20521499"
"240","rs6475455","20521543"
"241","rs10757135","20521897"
"242","rs1537073","20522684"
"243","rs1537072","20523570"
"244","rs1537071","20524410"
"245","rs16938091","20526623"
"246","rs10964597","20526649"
"247","rs10757136","20527234"
"248","rs10120577","20528004"
"249","rs10117696","20528224"
"250","rs9695121","20528385"
"251","rs9695117","20528392"
"252","rs1411728","20529521"
"253","rs10738562","20530059"
"254","rs7037941","20530739"
"255","rs10811362","20531576"
"256","rs6475457","20531797"
"257","rs6475458","20531931"
"258","rs34086022","20532397"
"259","rs10757137","20532930"
"260","rs2026209","20533155"
"261","rs10120064","20535499"
"262","rs10116836","20535617"
"263","rs35632925","20535666"
"264","rs11535444","20535821"
"265","rs11792012","20536022"
"266","rs10117645","20536746"
"267","rs7025158","20536894"
"268","rs7041971","20537313"
"269","rs7847550","20538897"
"270","rs10811363","20539200"
"271","rs11791670","20539798"
"272","rs10115102","20540844"
"273","rs10757138","20541341"
"274","rs2183538","20541602"
"275","rs10448200","20541943"
"276","rs7860478","20541948"
"277","rs7848021","20542234"
"278","rs7848427","20542273"
"279","rs7863680","20542290"
"280","rs7848958","20542486"
"281","rs10811364","20542507"
"282","rs7849101","20542512"
"283","rs10757139","20542983"
"284","rs10964600","20543258"
"285","rs10123816","20543404"
"286","rs7022055","20543762"
"287","rs4977427","20544401"
"288","rs17685306","20544675"
"289","rs12682958","20544951"
"290","rs4977257","20545855"
"291","rs4977428","20545904"
"292","rs10121833","20545988"
"293","rs1111766","20546887"
"294","rs12377027","20547550"
"295","rs6475459","20547932"
"296","rs10964601","20549288"
"297","rs6475460","20551064"
"298","rs7867469","20551111"
"299","rs7867572","20551179"
"300","rs10738563","20551998"
"301","rs10964603","20552420"
"302","rs1571651","20553314"
"303","rs1537069","20553328"
"304","rs6475461","20554583"
"305","rs4448374","20555786"
"306","rs1360378","20556503"
"307","rs10964605","20556619"
"308","rs6475462","20557388"
"309","rs4977258","20558654"
"310","rs58248741","20559354"
"311","rs6475463","20560602"
"312","rs7019937","20561818"
"313","rs10964619","20562444"
"314","rs10964620","20562460"
"315","rs7020320","20564099"
"316","rs4413866","20564886"
"317","rs4422852","20565159"
"318","rs1581978","20565167"
"319","rs12341167","20565362"
"320","rs13288904","20565402"
"321","rs4421438","20565650"
"322","rs34212319","20565859"
"323","rs201400704","20565862"
"324","rs2094845","20568139"
"325","rs12380857","20571257"
"326","rs12379439","20571296"
"327","rs12379433","20571354"
"328","rs10811367","20571490"
"329","rs10811368","20571533"
"330","rs10811369","20571817"
"331","rs4977429","20571849"
"332","rs4977430","20572090"
"333","rs4977431","20572328"
"334","rs7041358","20572985"
"335","rs10811370","20574138"
"336","rs10811371","20574929"
"337","rs10811372","20575058"
"338","rs79940254","20575345"
"339","rs4621895","20575616"
"340","rs4560880","20575671"
"341","rs4422848","20575735"
"342","rs4492461","20575840"
"343","rs4443746","20575871"
"344","rs4610836","20575944"
"345","rs1831458","20576124"
"346","rs10122603","20576507"
"347","rs10964624","20576792"
"348","rs10964625","20576991"
"349","rs143263735","20577049"
"350","rs4543623","20577182"
"351","rs12004964","20577514"
"352","rs4977433","20577828"
"353","rs12001516","20578256"
"354","rs12005470","20578275"
"355","rs10757140","20579052"
"356","rs10757141","20579109"
"357","rs7031523","20579196"
"358","rs10757142","20579456"
"359","rs12006034","20579798"
"360","rs75064409","20580233"
"361","rs12006514","20580776"
"362","rs10964626","20581841"
"363","rs187785349","20582301"
"364","rs4304409","20582314"
"365","rs10811373","20582427"
"366","rs140360349","20582635"
"367","rs7030761","20582649"
"368","rs78194371","20582762"
"369","rs76547760","20582964"
"370","rs10964627","20583108"
"371","rs13289029","20583141"
"372","rs7025895","20583370"
"373","rs10964628","20584617"
"374","rs7046522","20584668"
"375","rs10811374","20585305"
"376","rs7020494","20585718"
"377","rs10811375","20585770"
"378","rs10964629","20585773"
"379","rs10964630","20585867"
"380","rs10964631","20586498"
"381","rs1330922","20586530"
"382","rs1330923","20586612"
"383","rs10964632","20587236"
"384","rs7871033","20587342"
"385","rs1291635","20587947"
"386","rs1291634","20587975"
"387","rs79086530","20589327"
"388","rs667019","20589712"
"389","rs666997","20589779"
"390","rs6475464","20590125"
"391","rs2383139","20590886"
"392","rs637029","20591446"
"393","rs636100","20591651"
"394","rs623001","20592291"
"395","rs620286","20592573"
"396","rs668703","20592860"
"397","rs7867710","20593479"
"398","rs7852677","20593869"
"399","rs4977434","20593907"
"400","rs2775265","20594289"
"401","rs2775264","20594298"
"402","rs756728","20594777"
"403","rs734477","20595186"
"404","rs623828","20596918"
"405","rs7873127","20597444"
"406","rs72701944","20598064"
"407","rs2519455","20598303"
"408","rs4246841","20598320"
"409","rs2780840","20598702"
"410","rs2188230","20599090"
"411","rs7868378","20599654"
"412","rs2780839","20600343"
"413","rs2780841","20602053"
"414","rs73434584","20602499"
"415","rs2780842","20603378"
"416","rs2780843","20603606"
"417","rs2780844","20603813"
"418","rs2780845","20604020"
"419","rs73647605","20604282"
"420","rs7036546","20604756"
"421","rs2780847","20605483"
"422","rs2780848","20605691"
"423","rs7868612","20606496"
"424","rs10811376","20606999"
"425","rs73434593","20607300"
"426","rs2991262","20608365"
"427","rs35952288","20609907"
"428","rs2780834","20609909"
"429","rs2073855","20610379"
"430","rs2780835","20610523"
"431","rs2780836","20610956"
"432","rs116782392","20611009"
